outlet,date,title,word_count,affective_hits,ais_score,hit_words
BBC Asia,"Thu, 03 Sep 2026 11:35:52 GMT",Toxic wildfire haze spreads across South East Asia as 'super' El Niño intensifies,13,0,0.0,
BBC Asia,"Thu, 03 Sep 2026 11:58:00 GMT",Eleven people sentenced to death in Vietnam drug trafficking case,10,0,0.0,
BBC Asia,"Thu, 03 Sep 2026 11:33:09 GMT",US sailors go shopping before hitting the bars in Thailand after 250-day voyage,13,0,0.0,
BBC Asia,"Thu, 03 Sep 2026 00:58:44 GMT",Why Nepal floods should worry India,6,0,0.0,
BBC Asia,"Wed, 02 Sep 2026 15:16:42 GMT",'Nothing but mud and silt' - the village swept away by deadly floods in Nepal,14,1,7.142857142857142,deadly
BBC Asia,"Thu, 03 Sep 2026 07:11:46 GMT",India's GDP growth defies oil shock but stirs up controversy,10,0,0.0,
BBC Asia,"Wed, 02 Sep 2026 05:56:44 GMT",South Korea jails care home head for sexually assaulting disabled residents,11,0,0.0,
BBC Asia,"Wed, 02 Sep 2026 12:09:11 GMT",Could the man who murdered a Christian missionary and his sons walk free in India?,15,0,0.0,
BBC Asia,"Wed, 02 Sep 2026 15:57:13 GMT","Nepal intensifies relief and recovery efforts after deadly floods, UN says",11,1,9.090909090909092,deadly
BBC Asia,"Wed, 02 Sep 2026 07:18:39 GMT",Why US troops have a history in this raucous Thai city,11,0,0.0,
BBC Asia,"Tue, 01 Sep 2026 16:11:18 GMT","River water smashed into tunnel and chased me for 20 minutes, Nepal worker tells BBC",15,0,0.0,
BBC Asia,"Wed, 02 Sep 2026 04:29:02 GMT",Jailed HK activist Joshua Wong pleads guilty to foreign collusion,10,0,0.0,
BBC Asia,"Tue, 01 Sep 2026 05:00:34 GMT",'I've never been to Afghanistan': Six million deportees forced to start over under the Taliban,15,0,0.0,
BBC Asia,"Mon, 31 Aug 2026 00:16:14 GMT",What will Sonia Gandhi's memoir reveal about India's most powerful dynasty?,11,0,0.0,
BBC Asia,"Mon, 31 Aug 2026 00:44:51 GMT",'Like fighting a dinosaur': Sydney woman recalls how she punched shark during attack,13,1,7.6923076923076925,attack
BBC Asia,"Mon, 31 Aug 2026 10:20:08 GMT","Once a village, now barren land - BBC in valley devastated by floods",12,0,0.0,
BBC Asia,"Mon, 31 Aug 2026 01:07:06 GMT",Why is this teenager fighting fires dressed as Superman?,9,0,0.0,
Al Jazeera,"Thu, 03 Sep 2026 21:40:42 +0000","Burnham, Macron talk border security and stronger Europe-UK ties",9,0,0.0,
Al Jazeera,"Thu, 03 Sep 2026 21:32:55 +0000","NYC’s AI ban through grade 8 sets stage for rest of US, experts say",14,0,0.0,
Al Jazeera,"Thu, 03 Sep 2026 21:11:18 +0000",Nepal flood victims to be identified through DNA,8,0,0.0,
Al Jazeera,"Thu, 03 Sep 2026 21:09:39 +0000",El Nino: A phenomenon supercharged by climate change,8,0,0.0,
Al Jazeera,"Thu, 03 Sep 2026 21:07:56 +0000",US Vice President JD Vance declines to offer timeline for end of Iran war,14,0,0.0,
Al Jazeera,"Thu, 03 Sep 2026 21:01:48 +0000",France records ‘hottest summer ever’ in 2026,7,0,0.0,
Al Jazeera,"Thu, 03 Sep 2026 20:59:17 +0000","Ipswich Town vs Liverpool: Premier League – prediction, team news, lineups",10,0,0.0,
Al Jazeera,"Thu, 03 Sep 2026 20:55:49 +0000",ICE agent charged with lying under oath about Minnesota shooting,10,0,0.0,
Al Jazeera,"Thu, 03 Sep 2026 20:48:29 +0000",India rejects court ruling on Indus Waters Treaty,8,0,0.0,
Al Jazeera,"Thu, 03 Sep 2026 20:44:49 +0000",Ten injured in Ukraine as Kyiv expects talks with US envoys in coming days,14,0,0.0,
Al Jazeera,"Thu, 03 Sep 2026 20:31:08 +0000",Israel kills 3 in Gaza as far-right minister plans for Palestinian removals,12,0,0.0,
Al Jazeera,"Thu, 03 Sep 2026 20:08:19 +0000","Train crashes into truck at railway crossing in Gdansk, Poland",10,0,0.0,
Al Jazeera,"Thu, 03 Sep 2026 20:00:40 +0000",Funeral held for child killed in US strike on Iranian wedding,11,0,0.0,
Al Jazeera,"Thu, 03 Sep 2026 20:00:02 +0000","Leaders of Thailand and Singapore perform Beatles song, “Let It Be”",11,0,0.0,
Al Jazeera,"Thu, 03 Sep 2026 19:43:07 +0000","FIFA accuses UEFA of ‘smear campaign’ over Infantino, World Cup plan",11,0,0.0,
Al Jazeera,"Thu, 03 Sep 2026 19:27:34 +0000",Serbia welcomes return of war criminal Mladic’s body with military honours,11,0,0.0,
Al Jazeera,"Thu, 03 Sep 2026 19:14:05 +0000",Advocates decry US House vote to defund universities that boycott Israel,11,0,0.0,
Al Jazeera,"Thu, 03 Sep 2026 18:58:05 +0000",Is Nepal leading the battle for climate justice?,8,0,0.0,
Al Jazeera,"Thu, 03 Sep 2026 18:46:14 +0000",Four imprisoned Palestine Action activists appeal ‘terrorism’ sentences,8,0,0.0,
Al Jazeera,"Thu, 03 Sep 2026 18:45:37 +0000",Foreign fighters and external support fuel Sudan’s war: UN-backed probe,10,0,0.0,
Al Jazeera,"Thu, 03 Sep 2026 18:44:31 +0000","5 dead, dozens missing after migrant boat found after weeks at sea",12,1,8.333333333333332,dead
Al Jazeera,"Thu, 03 Sep 2026 18:23:38 +0000",Stranded survivors in Nepal cross raging Trishuli River using zip line,11,0,0.0,
Al Jazeera,"Thu, 03 Sep 2026 18:13:55 +0000","Israel releases Lebanese civilian, says five prisoners will be freed",10,0,0.0,
Al Jazeera,"Thu, 03 Sep 2026 17:50:48 +0000",Gaza farmers restore seed bank to preserve local crops,9,0,0.0,
Al Jazeera,"Thu, 03 Sep 2026 17:42:28 +0000",Kurdish women who fought ISIL seek place in Syria’s new security forces,12,0,0.0,
NYT World,"Thu, 03 Sep 2026 11:35:44 +0000","For Russia and Ukraine, an Escalating Spiral With No End in Sight",12,0,0.0,
NYT World,"Thu, 03 Sep 2026 21:12:44 +0000","Norway Seizes Russian Ship, Testing Moscow in the High Arctic",10,0,0.0,
NYT World,"Thu, 03 Sep 2026 09:02:36 +0000",How Do You Run for Office in a Gang War?,10,0,0.0,
NYT World,"Thu, 03 Sep 2026 18:38:47 +0000",Spain’s Leader Questions Morocco Border Control During Ceuta Migrant Surge,10,0,0.0,
NYT World,"Thu, 03 Sep 2026 04:00:11 +0000",Syrians Want Justice for Assad-Era Killings and Torture,8,0,0.0,
NYT World,"Thu, 03 Sep 2026 14:34:47 +0000","Israeli Military Kills Two Palestinian Youths in Village Raid, Residents Say",11,0,0.0,
NYT World,"Thu, 03 Sep 2026 14:41:56 +0000",Rival Ukrainian Intelligence Units Open Fire Against Each Other in Kyiv,11,0,0.0,
NYT World,"Thu, 03 Sep 2026 17:29:38 +0000","Israel Is Expected to Release Lebanese Prisoners, in Rare Sign of Progress",12,0,0.0,
NYT World,"Thu, 03 Sep 2026 13:50:41 +0000",China Boycotts a Top Art Festival Over Taiwan Exhibition,9,0,0.0,
NYT World,"Thu, 03 Sep 2026 09:03:13 +0000",Many Italians Long Resisted Air-Conditioning. Then Europe Got Hotter.,9,0,0.0,
NYT World,"Thu, 03 Sep 2026 10:44:22 +0000",The New Jet-Powered Drones That Are Breeding Anxiety in Ukraine,10,0,0.0,
NYT World,"Thu, 03 Sep 2026 19:39:50 +0000",Lake Ontario Is One of Many Bodies of Water Caught in a Naming Fight,14,0,0.0,
NYT World,"Thu, 03 Sep 2026 00:03:44 +0000","In Small Iranian Town, a U.S. Attack Turns a Wedding Into a Tragedy",13,1,7.6923076923076925,attack
NYT World,"Thu, 03 Sep 2026 11:48:18 +0000",Vietnam Sentences 11 to Death Penalty in Drug Trafficking Case,10,0,0.0,
NYT World,"Thu, 03 Sep 2026 20:53:38 +0000",Mayor Magic,2,0,0.0,
NYT World,"Thu, 03 Sep 2026 20:07:38 +0000","Dutch Central Bank Cuts Gold Reserves in U.S., Citing ‘Geopolitical Unrest’",11,0,0.0,
NYT World,"Thu, 03 Sep 2026 15:41:12 +0000","Through the Hands of Strangers, Missing Iranian Artists Put on a Show in L.A.",14,0,0.0,
NYT World,"Thu, 03 Sep 2026 14:52:22 +0000",Why Sinister ‘Cat in the Hat’ Videos Are Prompting Police Warnings,11,0,0.0,
NYT World,"Wed, 02 Sep 2026 20:35:55 +0000",Inside Trump’s Second Term,4,0,0.0,
NYT World,"Wed, 02 Sep 2026 17:24:14 +0000","In Nepal and Tibet, Pollution on Glaciers Could Fuel More Flood Disasters",12,0,0.0,
NYT World,"Wed, 02 Sep 2026 19:56:53 +0000",Trump Returns to a Familiar Playbook as the War With Iran Flares Up Again,14,0,0.0,
NYT World,"Wed, 02 Sep 2026 17:55:12 +0000",The ‘Miracle House’ That Survived Nepal’s Floods,7,0,0.0,
NYT World,"Wed, 02 Sep 2026 16:38:50 +0000","In Egypt, Xi Challenges America’s Influence in the Middle East",10,0,0.0,
NYT World,"Wed, 02 Sep 2026 17:38:57 +0000",U.S. and Iran Survey the Damage After a Night of Intense Strikes,12,1,8.333333333333332,intense
NYT World,"Wed, 02 Sep 2026 15:41:10 +0000","Status of Iran’s Nuclear Program Is Unclear, U.N. Watchdog Says",10,0,0.0,
NYT World,"Wed, 02 Sep 2026 18:03:06 +0000",Bus Crash in Egypt Kills at Least 22,8,0,0.0,
NYT World,"Wed, 02 Sep 2026 13:03:56 +0000",Netanyahu’s Israel Is Looking for a Fight in Every Direction,10,0,0.0,
NYT World,"Wed, 02 Sep 2026 09:05:50 +0000",Attacks in Black Sea Threaten to Strangle Global Grain Supply,10,0,0.0,
NYT World,"Wed, 02 Sep 2026 09:03:54 +0000",Do Active Shooter Drills Help? Two Asian Nations Grapple With Gun Violence.,12,1,8.333333333333332,violence
NYT World,"Wed, 02 Sep 2026 09:02:30 +0000","After the Earthquake, They Used A.I. to Mobilize Aid",9,0,0.0,
NYT World,"Thu, 03 Sep 2026 13:49:53 +0000",Inside the Fight Against a Flesh-Eating Fly in Mexico,9,0,0.0,
NYT World,"Wed, 02 Sep 2026 08:57:04 +0000",Critically Endangered Parrots Enjoy Baby Boom After Mating Frenzy,9,0,0.0,
NYT World,"Wed, 02 Sep 2026 09:32:29 +0000","U.S.S. Abraham Lincoln Docks in Thailand, Giving Weary Crew a Break",11,0,0.0,
NYT World,"Thu, 03 Sep 2026 04:35:07 +0000",Hong Kong Pro-Democracy Activist Joshua Wong Pleads Guilty to Collusion,10,0,0.0,
NYT World,"Thu, 03 Sep 2026 12:47:03 +0000",U.N. Says World Will Miss Its 1.5-Degree Climate Target,9,0,0.0,
NYT World,"Wed, 02 Sep 2026 01:40:39 +0000",Honduran Court Clears Ex-President Juan Orlando Hernández,7,0,0.0,
NYT World,"Wed, 02 Sep 2026 01:53:53 +0000",Putin Pledges Increased Strikes in Ukraine and Support for Iran,10,0,0.0,
NYT World,"Wed, 02 Sep 2026 02:56:39 +0000","At G20 Summit, Some U.S. Allies Push Back on Trump’s Economic Approach",12,0,0.0,
NYT World,"Wed, 02 Sep 2026 04:18:16 +0000",Talking With Giorgia Meloni,4,0,0.0,
NYT World,"Tue, 01 Sep 2026 21:47:07 +0000",Israeli Authorities Charge 12 Guards in Beating Death of Palestinian Prisoner,11,0,0.0,
NYT World,"Tue, 01 Sep 2026 19:47:32 +0000",Carney Tells Trump Officials to ‘Stop Throwing Shade’ Over Canada-U.S. Trade Talks,12,0,0.0,
NYT World,"Wed, 02 Sep 2026 06:46:24 +0000",Nepal’s Economy Has Few Ways to Absorb the Cost of Flood Damage,12,0,0.0,
NYT World,"Wed, 02 Sep 2026 14:50:32 +0000","For These Children, Getting a Safe Education Means Going Underground",10,0,0.0,
NYT World,"Tue, 01 Sep 2026 16:34:10 +0000",Husband and 12 Men in Britain Are Accused of Woman’s Yearslong Drugging and Rape,14,0,0.0,
NYT World,"Tue, 01 Sep 2026 23:38:04 +0000","Weeks After Failed Drone Attack, Germany Points Finger at Russia",10,1,10.0,attack
NYT World,"Tue, 01 Sep 2026 19:18:46 +0000",Tractors Clog Copenhagen as Farmers Protest Fertilizer Restrictions,8,1,12.5,protest
NYT World,"Tue, 01 Sep 2026 17:29:21 +0000",How to Help Nepal Flash Flood Victims,7,0,0.0,
NYT World,"Wed, 02 Sep 2026 03:27:13 +0000","Israeli Raid in Gaza Kills 4, Palestinian Officials Say",9,0,0.0,
NYT World,"Tue, 01 Sep 2026 14:24:02 +0000","Keir Starmer, Former UK Prime Minister, Says He Will Resign From Parliament",12,0,0.0,
NYT World,"Wed, 02 Sep 2026 00:25:48 +0000",Bond Sell-Off Threatens to Squeeze Borrowers Around the World,9,0,0.0,
NYT World,"Tue, 01 Sep 2026 21:10:03 +0000","China Censors and Punishes to Shape Narrative on Floods in Tibet, a Contrast to Nepal",15,0,0.0,
NYT World,"Tue, 01 Sep 2026 19:32:29 +0000","U.S.S. Abraham Lincoln to Dock in Thailand on Wednesday, Pattaya Mayor Says",12,0,0.0,
NYT World,"Wed, 02 Sep 2026 18:50:02 +0000",U.S. Sanctions on Iran Cut Off Students From Tests Needed for Study Abroad,13,0,0.0,
NYT World,"Tue, 01 Sep 2026 20:40:52 +0000","Juan Tamariz, Master Magician of Misdirection and Joy, Dies at 83",11,0,0.0,
NYT World,"Tue, 01 Sep 2026 10:59:16 +0000",Can Ancient Ruins Be Protected From Wildfires? Greece Is Trying.,10,0,0.0,
